department,count,mean,median,max
Animation,112,2721.0633035714286,2924.415,4948.24
Compositing,109,2437.5408256880737,2397.04,4972.93
FX,115,2477.721652173913,2417.96,4971.02
Layout,123,2438.371951219512,2223.6,4818.76
Lighting,120,2657.8831666666665,2623.61,4997.73
Modeling,109,2574.703027522936,2584.8,4951.97
Rendering,107,2370.9525233644863,2359.28,4975.96
Rigging,120,2376.796083333333,2336.835,4935.57
